LOCUS,REF,ALT,SNP_TYPE,GENE,TRANSITION,WT_CODON,IND_TIME
37459,C,G,NSY,Rv0001,0,AAC,1
86764,C,T,SYN,Rv0001,1,ACC,1
142775,G,T,SYN,Rv0001,0,CGG,1
271203,A,G,NSY,Rv0001,1,TTG,1
281745,C,T,NSY,Rv0001,1,TGG,1
281746,C,T,NSY,Rv0001,1,TGG,1
299432,C,T,NSY,Rv0001,1,GCG,1
329301,C,T,SYN,Rv0001,1,GTG,1
423198,C,T,SYN,Rv0001,1,ATC,1
423199,C,T,NSY,Rv0001,1,CCG,1
464844,C,T,SYN,Rv0001,1,ATC,1
465122,C,T,NSY,Rv0001,1,ACC,1
465123,C,T,SYN,Rv0001,1,ACC,1
470534,G,A,SYN,Rv0001,1,GTG,1
470535,G,A,NSY,Rv0001,1,GAT,1
470694,G,A,NSY,Rv0001,1,GGC,1
470695,G,A,NSY,Rv0001,1,GGC,1
483633,G,A,SYN,Rv0001,1,TTC,1
486319,G,A,NSY,Rv0001,1,GAG,1
489663,C,T,SYN,Rv0001,1,CTC,1
499341,G,A,SYN,Rv0001,1,GCC,1
499342,G,A,NSY,Rv0001,1,GCC,1
530355,C,T,NSY,Rv0001,1,GAC,1
545588,C,T,SYN,Rv0001,1,CAG,1
599380,A,G,NSY,Rv0001,1,AAG,1
600371,C,T,NSY,Rv0001,1,CCT,1
600372,C,T,NSY,Rv0001,1,CCT,1
611965,C,G,NSY,Rv0001,0,GGA,1
634099,G,A,SYN,Rv0001,1,TTC,1
638437,C,T,SYN,Rv0001,1,GGG,1
661504,C,T,SYN,Rv0001,1,GCC,1
661505,C,T,NSY,Rv0001,1,CGG,1
680892,C,T,NSY,Rv0001,1,CCC,1
680893,C,T,SYN,Rv0001,1,CCC,1
715438,C,T,SYN,Rv0001,1,TAC,1
787138,T,C,NSY,Rv0001,1,TTT,1
790505,G,A,NSY,Rv0001,1,CCG,1
790506,G,A,NSY,Rv0001,1,CCG,1
931363,T,C,SYN,Rv0001,1,GGT,1
936808,C,A,NSY,Rv0001,0,TGG,1
936913,G,A,SYN,Rv0001,1,GTC,1
947796,C,T,NSY,Rv0001,1,GGC,1
947797,C,T,SYN,Rv0001,1,CTG,1
974963,C,T,SYN,Rv0001,1,CCG,1
985913,G,A,NSY,Rv0001,1,TCG,1
988478,G,A,NSY,Rv0001,1,GAA,1
997150,T,C,SYN,Rv0001,1,TTT,1
1002461,C,T,NSY,Rv0001,1,GTC,1
1030846,G,A,NSY,Rv0001,1,CCC,1
1030847,G,A,NSY,Rv0001,1,CCC,1
1075904,T,C,NSY,Rv0001,1,GAC,1
1085974,G,A,NSY,Rv0001,1,CGC,1
1119835,G,A,SYN,Rv0001,1,GCC,1
1119836,G,A,NSY,Rv0001,1,GCC,1
1153358,G,A,SYN,Rv0001,1,CTG,1
1171370,C,A,NSY,Rv0001,0,GAT,1
1225325,C,T,NSY,Rv0001,1,GAT,1
1234309,C,T,SYN,Rv0001,1,CGG,1
1234310,C,T,NSY,Rv0001,1,CGG,1
1242002,C,T,NSY,Rv0001,1,GGT,1
1242003,C,T,NSY,Rv0001,1,GGT,1
1259912,C,T,NSY,Rv0001,1,GAG,1
1266095,C,T,NSY,Rv0001,1,GGC,1
1288215,C,T,SYN,Rv0001,1,GCC,1
1354719,C,T,NSY,Rv0001,1,GAG,1
1373290,C,T,NSY,Rv0001,1,GGT,1
1499837,T,G,SYN,Rv0001,0,GGA,1
1503299,A,G,NSY,Rv0001,1,GAG,1
1522257,G,A,SYN,Rv0001,1,CTC,1
1544126,G,A,NSY,Rv0001,1,TGG,1
1629891,C,T,SYN,Rv0001,1,CTG,1
1643507,C,T,NSY,Rv0001,1,GAG,1
1666757,G,A,NSY,Rv0001,1,GGC,1
1677015,C,T,SYN,Rv0001,1,TTC,1
1687037,C,T,SYN,Rv0001,1,CTG,1
1687038,T,C,NSY,Rv0001,1,CTG,1
1712960,G,A,NSY,Rv0001,1,TGG,1
1712961,G,A,NSY,Rv0001,1,TGG,1
1713262,C,T,NSY,Rv0001,1,CCG,1
1713847,G,A,NSY,Rv0001,1,GAC,1
1724948,G,A,SYN,Rv0001,1,ACC,1
1724949,G,A,NSY,Rv0001,1,ACC,1
1805055,C,T,NSY,Rv0001,1,TCC,1
1813596,C,T,SYN,Rv0001,1,ATC,1
1820713,G,A,SYN,Rv0001,1,GTC,1
1826046,C,T,SYN,Rv0001,1,GAG,1
1854593,C,T,NSY,Rv0001,1,GCG,1
1861204,G,C,NSY,Rv0001,0,GGG,1
1920778,G,A,NSY,Rv0001,1,GAA,1
1925309,G,A,NSY,Rv0001,1,AGG,1
1925310,G,A,SYN,Rv0001,1,AGG,1
1972920,G,A,SYN,Rv0001,1,AAG,1
1972921,G,A,NSY,Rv0001,1,GAC,1
2070112,C,T,SYN,Rv0001,1,CTC,1
2073479,C,T,SYN,Rv0001,1,CTC,1
2112406,G,A,SYN,Rv0001,1,TTC,1
2124200,C,T,NSY,Rv0001,1,CCC,1
2124201,C,T,NSY,Rv0001,1,CCC,1
2126096,T,G,NSY,Rv0001,0,TCG,1
2129228,C,T,SYN,Rv0001,1,CTG,1
2129238,C,T,NSY,Rv0001,1,TCG,1
2129914,G,A,NSY,Rv0001,1,GGT,1
2129915,G,A,NSY,Rv0001,1,GGT,1
2185627,G,A,SYN,Rv0001,1,CTG,1
2200362,G,A,NSY,Rv0001,1,ACC,1
2231344,C,T,NSY,Rv0001,1,CGC,1
2237443,C,T,NSY,Rv0001,1,GAG,1
2237444,C,T,NSY,Rv0001,1,ATG,1
2243600,C,T,NSY,Rv0001,1,GGG,1
2243601,C,T,NSY,Rv0001,1,GGG,1
2284148,A,C,NSY,Rv0001,0,TGT,1
2300178,C,T,NSY,Rv0001,1,GGA,1
2383195,T,G,NSY,Rv0001,0,GAG,1
2417357,G,A,NSY,Rv0001,1,CCG,1
2417358,G,A,NSY,Rv0001,1,CCG,1
2421038,C,T,NSY,Rv0001,1,GAT,1
2436730,T,C,SYN,Rv0001,1,AAT,1
2442398,C,T,NSY,Rv0001,1,GAC,1
2442399,C,T,SYN,Rv0001,1,CAG,1
2493905,C,T,NSY,Rv0001,1,GAC,1
2493906,C,T,SYN,Rv0001,1,GTG,1
2538849,G,A,SYN,Rv0001,1,CTG,1
2538850,G,A,NSY,Rv0001,1,GCT,1
2576183,C,T,SYN,Rv0001,1,TTC,1
2576184,C,T,NSY,Rv0001,1,CAC,1
2580052,C,T,SYN,Rv0001,1,GTG,1
2581100,A,G,NSY,Rv0001,1,AAG,1
2606903,G,A,SYN,Rv0001,1,ATC,1
2616138,G,A,SYN,Rv0001,1,CAG,1
2626245,G,A,NSY,Rv0001,1,TCC,1
2627358,G,A,SYN,Rv0001,1,GCC,1
2627359,G,A,NSY,Rv0001,1,GCC,1
2657997,G,A,SYN,Rv0001,1,ACC,1
2661991,G,T,NSY,Rv0001,0,GCG,1
2683458,C,T,NSY,Rv0001,1,TGG,1
2683459,C,T,NSY,Rv0001,1,TGG,1
2686206,G,T,NSY,Rv0001,0,GGC,1
2700097,G,A,SYN,Rv0001,1,CTG,1
2775316,C,T,SYN,Rv0001,1,ACC,1
2780775,G,A,SYN,Rv0001,1,GGC,1
2837596,T,C,NSY,Rv0001,1,AAT,1
2954532,C,T,NSY,Rv0001,1,GGC,1
2959347,C,T,SYN,Rv0001,1,CTG,1
2989602,G,A,NSY,Rv0001,1,ATG,1
2989603,G,A,NSY,Rv0001,1,GCG,1
2991786,G,A,NSY,Rv0001,1,CGA,1
3014961,G,A,NSY,Rv0001,1,CCT,1
3014962,G,A,NSY,Rv0001,1,CCT,1
3025671,C,T,SYN,Rv0001,1,GAC,1
3025672,C,T,NSY,Rv0001,1,CGG,1
3030154,A,C,NSY,Rv0001,0,TAT,1
3036542,C,T,SYN,Rv0001,1,CGG,1
3036543,C,T,NSY,Rv0001,1,CGG,1
3044160,G,A,NSY,Rv0001,1,GAG,1
3098068,T,C,NSY,Rv0001,1,ACC,1
3109645,C,T,SYN,Rv0001,1,TAC,1
3109646,C,T,NSY,Rv0001,1,CGC,1
3130229,G,A,SYN,Rv0001,1,TTC,1
3134743,C,T,SYN,Rv0001,1,CTG,1
3183940,G,A,SYN,Rv0001,1,GCG,1
3205705,T,A,NSY,Rv0001,0,AGC,1
3239935,G,A,NSY,Rv0001,1,TCA,1
3242893,C,T,SYN,Rv0001,1,TTC,1
3287208,C,T,SYN,Rv0001,1,GAC,1
3308479,G,A,NSY,Rv0001,1,CAG,1
3308683,C,G,NSY,Rv0001,0,CTC,1
3311778,C,T,NSY,Rv0001,1,GGC,1
3311779,C,T,SYN,Rv0001,1,TTG,1
3350502,G,A,SYN,Rv0001,1,ACC,1
3392562,C,A,SYN,Rv0001,0,CGC,1
3436534,G,A,NSY,Rv0001,1,TCC,1
3472773,C,T,SYN,Rv0001,1,ACG,1
3493585,G,A,SYN,Rv0001,1,TCC,1
3495469,G,A,NSY,Rv0001,1,CGT,1
3540695,C,T,SYN,Rv0001,1,GGG,1
3540696,C,T,NSY,Rv0001,1,GGG,1
3544581,A,G,SYN,Rv0001,1,CAT,1
3560607,G,A,NSY,Rv0001,1,CCG,1
3575872,C,A,NSY,Rv0001,0,GGA,1
3581209,G,A,NSY,Rv0001,1,GGA,1
3581210,A,G,SYN,Rv0001,1,GGA,1
3590554,C,T,SYN,Rv0001,1,ATC,1
3590555,C,T,NSY,Rv0001,1,CCG,1
3658846,C,T,NSY,Rv0001,1,GGC,1
3658847,C,T,NSY,Rv0001,1,GGC,1
3715306,G,A,SYN,Rv0001,1,CCG,1
3715307,G,A,NSY,Rv0001,1,GTG,1
3866241,G,A,SYN,Rv0001,1,ACC,1
3866242,G,A,NSY,Rv0001,1,ACC,1
3900690,A,G,NSY,Rv0001,1,TAC,1
3903619,C,T,NSY,Rv0001,1,GCT,1
3951538,C,T,SYN,Rv0001,1,CCG,1
3964697,C,T,NSY,Rv0001,1,GCT,1
3964698,C,T,SYN,Rv0001,1,AAG,1
3989034,G,A,NSY,Rv0001,1,ACC,1
3994064,C,T,SYN,Rv0001,1,ATC,1
3997517,C,A,NSY,Rv0001,0,GGC,1
4000073,C,T,NSY,Rv0001,1,TGG,1
4000074,C,T,NSY,Rv0001,1,TGG,1
4034165,C,T,NSY,Rv0001,1,CTC,1
4043829,G,A,NSY,Rv0001,1,CAC,1
4043830,G,A,SYN,Rv0001,1,ACC,1
4059862,G,A,NSY,Rv0001,1,GAA,1
4090727,G,A,SYN,Rv0001,1,GAG,1
4106501,T,C,NSY,Rv0001,1,GAC,1
4107924,A,G,NSY,Rv0001,1,AAC,1
4115150,C,T,NSY,Rv0001,1,AGC,1
4146214,C,A,SYN,Rv0001,0,TCG,1
4154224,C,T,NSY,Rv0001,1,CCC,1
4154225,C,T,SYN,Rv0001,1,CCC,1
4160701,C,T,SYN,Rv0001,1,CAG,1
4167302,G,T,NSY,Rv0001,0,GCC,1
4192440,C,T,SYN,Rv0001,1,GAG,1
4207622,C,T,NSY,Rv0001,1,GCG,1
4207623,C,T,SYN,Rv0001,1,CTG,1
4226543,G,A,NSY,Rv0001,1,CGA,1
4251605,G,A,NSY,Rv0001,1,CGC,1
4260698,G,A,NSY,Rv0001,1,ACC,1
4311567,G,A,SYN,Rv0001,1,CGC,1
4346843,C,T,SYN,Rv0001,1,ACC,1
4347375,C,T,SYN,Rv0001,1,CTG,1
4361262,C,T,NSY,Rv0001,1,GAA,1
4362901,T,G,NSY,Rv0001,0,ACA,1
4388993,C,A,SYN,Rv0001,0,GCG,1
4390918,C,T,SYN,Rv0001,1,CAG,1
4390919,T,C,NSY,Rv0001,1,CAG,1
4391871,C,T,SYN,Rv0001,1,CAG,1
4407298,C,T,SYN,Rv0001,1,CTG,1